{"cameraMode":{"drawMode":0,"name":"Shaded","section":"Shading Mode"},"sceneLighting":true,"audioPlay":false,"sceneViewState":{"showFog":true,"showMaterialUpdate":false,"showSkybox":true,"showFlares":true,"showImageEffects":true,"showParticleSystems":true},"in2DMode":false,"pivot":{"x":-80.39808654785156,"y":-1.3476462364196778,"z":-13.594280242919922},"rotation":{"x":-0.05951717123389244,"y":0.8965228796005249,"z":-0.4202158749103546,"w":-0.12697884440422059},"size":68.05339813232422,"orthographic":false}