{"cameraMode":{"drawMode":0,"name":"Shaded","section":"Shading Mode"},"sceneLighting":true,"audioPlay":false,"sceneViewState":{"showFog":true,"showMaterialUpdate":false,"showSkybox":true,"showFlares":true,"showImageEffects":true,"showParticleSystems":true},"in2DMode":false,"pivot":{"x":154.5,"y":-17.150001525878908,"z":2.354999542236328},"rotation":{"x":0.09724733978509903,"y":0.8719209432601929,"z":-0.19297491014003755,"w":0.4394044876098633},"size":141.82635498046876,"orthographic":false}